Категория,Колонка1,Колонка2,Колонка3,Цена
frez,"1-2 мм","Предварительная фрезеровка","Секторный абразив 6#","180,00"
frez,"3-4 мм","Основная фрезеровка","Секторный абразив 16#","220,00"
frez,"5-6 мм","Глубокая фрезеровка","Секторный абразив 30#","280,00"
shlif,"Этап 1","Грубая шлифовка","Алмазные диски 30#","150,00"
shlif,"Этап 2","Средняя шлифовка","Алмазные диски 50#","130,00"
shlif,"Этап 3","Финишная шлифовка","Алмазные диски 150#","120,00"
polir,"Этап 1","Первая полировка","Мягкие подушки 400#","140,00"
polir,"Этап 2","Вторая полировка","Мягкие подушки 800#","120,00"
polir,"Этап 3","Финишная полировка","Мягкие подушки 1500#","150,00"
